{"k":[0.047992,0.020061,-0.017053,0.002015],"f":[0.188320,0.251545],"c":[0.5,0.5],"maxfov":220}