{"k":[-0.089438,-0.004763,0.001637,-0.000354],"f":[0.337654,0.495262],"c":[0.5,0.5],"maxfov":190}